C,SETP.WORLD,DVD_DAYTRACK,AEMO,PUBLIC,2024/08/06,16:02:28,0000000428653898,,0000000428653863
I,SETTLEMENTS,DAYTRACK,6,SETTLEMENTDATE,REGIONID,EXANTERUNSTATUS,EXANTERUNNO,EXPOSTRUNSTATUS,EXPOSTRUNNO,LASTCHANGED
D,SETTLEMENTS,DAYTRACK,6,"2023/12/03 00:00:00",MARKET,VALID,,ACTUAL,11,"2024/06/24 08:43:05"
D,SETTLEMENTS,DAYTRACK,6,"2023/12/04 00:00:00",MARKET,VALID,,ACTUAL,11,"2024/06/24 08:42:24"
D,SETTLEMENTS,DAYTRACK,6,"2023/12/05 00:00:00",MARKET,VALID,,ACTUAL,11,"2024/06/24 08:42:42"
D,SETTLEMENTS,DAYTRACK,6,"2023/12/06 00:00:00",MARKET,VALID,,ACTUAL,11,"2024/06/24 08:42:49"
D,SETTLEMENTS,DAYTRACK,6,"2023/12/07 00:00:00",MARKET,VALID,,ACTUAL,10,"2024/06/24 08:46:00"
D,SETTLEMENTS,DAYTRACK,6,"2023/12/08 00:00:00",MARKET,VALID,,ACTUAL,9,"2024/06/24 08:47:14"
D,SETTLEMENTS,DAYTRACK,6,"2023/12/09 00:00:00",MARKET,VALID,,ACTUAL,8,"2024/06/24 08:46:24"
D,SETTLEMENTS,DAYTRACK,6,"2023/12/10 00:00:00",MARKET,VALID,,ACTUAL,11,"2024/07/01 08:31:23"
D,SETTLEMENTS,DAYTRACK,6,"2023/12/11 00:00:00",MARKET,VALID,,ACTUAL,11,"2024/07/01 08:30:56"
D,SETTLEMENTS,DAYTRACK,6,"2023/12/12 00:00:00",MARKET,VALID,,ACTUAL,11,"2024/07/01 08:31:00"
D,SETTLEMENTS,DAYTRACK,6,"2023/12/13 00:00:00",MARKET,VALID,,ACTUAL,11,"2024/07/01 08:31:04"
D,SETTLEMENTS,DAYTRACK,6,"2023/12/14 00:00:00",MARKET,VALID,,ACTUAL,10,"2024/07/01 08:34:34"
D,SETTLEMENTS,DAYTRACK,6,"2023/12/15 00:00:00",MARKET,VALID,,ACTUAL,9,"2024/07/01 08:34:59"
D,SETTLEMENTS,DAYTRACK,6,"2023/12/16 00:00:00",MARKET,VALID,,ACTUAL,8,"2024/07/01 08:35:03"
D,SETTLEMENTS,DAYTRACK,6,"2023/12/17 00:00:00",MARKET,VALID,,ACTUAL,10,"2024/07/08 09:00:39"
D,SETTLEMENTS,DAYTRACK,6,"2023/12/18 00:00:00",MARKET,VALID,,ACTUAL,10,"2024/07/08 09:00:49"
D,SETTLEMENTS,DAYTRACK,6,"2023/12/19 00:00:00",MARKET,VALID,,ACTUAL,10,"2024/07/08 09:00:04"
D,SETTLEMENTS,DAYTRACK,6,"2023/12/20 00:00:00",MARKET,VALID,,ACTUAL,10,"2024/07/08 09:00:24"
D,SETTLEMENTS,DAYTRACK,6,"2023/12/21 00:00:00",MARKET,VALID,,ACTUAL,10,"2024/07/08 09:03:41"
D,SETTLEMENTS,DAYTRACK,6,"2023/12/22 00:00:00",MARKET,VALID,,ACTUAL,10,"2024/07/08 09:03:47"
D,SETTLEMENTS,DAYTRACK,6,"2023/12/23 00:00:00",MARKET,VALID,,ACTUAL,9,"2024/07/08 09:04:26"
D,SETTLEMENTS,DAYTRACK,6,"2023/12/24 00:00:00",MARKET,VALID,,ACTUAL,11,"2024/07/15 08:55:13"
D,SETTLEMENTS,DAYTRACK,6,"2023/12/25 00:00:00",MARKET,VALID,,ACTUAL,11,"2024/07/15 08:55:49"
D,SETTLEMENTS,DAYTRACK,6,"2023/12/26 00:00:00",MARKET,VALID,,ACTUAL,11,"2024/07/15 08:55:53"
D,SETTLEMENTS,DAYTRACK,6,"2023/12/27 00:00:00",MARKET,VALID,,ACTUAL,11,"2024/07/15 08:55:43"
D,SETTLEMENTS,DAYTRACK,6,"2023/12/28 00:00:00",MARKET,VALID,,ACTUAL,11,"2024/07/15 08:58:37"
D,SETTLEMENTS,DAYTRACK,6,"2023/12/29 00:00:00",MARKET,VALID,,ACTUAL,10,"2024/07/15 08:59:07"
D,SETTLEMENTS,DAYTRACK,6,"2023/12/30 00:00:00",MARKET,VALID,,ACTUAL,9,"2024/07/15 08:59:22"
D,SETTLEMENTS,DAYTRACK,6,"2024/02/11 00:00:00",MARKET,VALID,,ACTUAL,10,"2024/06/28 15:03:40"
D,SETTLEMENTS,DAYTRACK,6,"2024/02/12 00:00:00",MARKET,VALID,,ACTUAL,10,"2024/06/28 15:03:39"
D,SETTLEMENTS,DAYTRACK,6,"2024/02/13 00:00:00",MARKET,VALID,,ACTUAL,10,"2024/06/28 15:03:38"
D,SETTLEMENTS,DAYTRACK,6,"2024/02/14 00:00:00",MARKET,VALID,,ACTUAL,10,"2024/06/28 15:03:45"
D,SETTLEMENTS,DAYTRACK,6,"2024/02/15 00:00:00",MARKET,VALID,,ACTUAL,10,"2024/06/28 15:07:12"
D,SETTLEMENTS,DAYTRACK,6,"2024/02/16 00:00:00",MARKET,VALID,,ACTUAL,9,"2024/06/28 15:07:14"
D,SETTLEMENTS,DAYTRACK,6,"2024/02/17 00:00:00",MARKET,VALID,,ACTUAL,8,"2024/06/28 15:07:12"
D,SETTLEMENTS,DAYTRACK,6,"2024/02/18 00:00:00",MARKET,VALID,,ACTUAL,10,"2024/07/04 08:33:37"
D,SETTLEMENTS,DAYTRACK,6,"2024/02/19 00:00:00",MARKET,VALID,,ACTUAL,9,"2024/07/04 08:29:19"
D,SETTLEMENTS,DAYTRACK,6,"2024/02/20 00:00:00",MARKET,VALID,,ACTUAL,9,"2024/07/04 08:29:40"
D,SETTLEMENTS,DAYTRACK,6,"2024/02/21 00:00:00",MARKET,VALID,,ACTUAL,9,"2024/07/04 08:30:14"
D,SETTLEMENTS,DAYTRACK,6,"2024/02/22 00:00:00",MARKET,VALID,,ACTUAL,8,"2024/07/04 08:33:19"
D,SETTLEMENTS,DAYTRACK,6,"2024/02/23 00:00:00",MARKET,VALID,,ACTUAL,7,"2024/07/04 08:33:25"
D,SETTLEMENTS,DAYTRACK,6,"2024/02/24 00:00:00",MARKET,VALID,,ACTUAL,7,"2024/07/04 08:31:59"
D,SETTLEMENTS,DAYTRACK,6,"2024/02/25 00:00:00",MARKET,VALID,,ACTUAL,12,"2024/07/12 13:39:54"
D,SETTLEMENTS,DAYTRACK,6,"2024/02/26 00:00:00",MARKET,VALID,,ACTUAL,12,"2024/07/12 13:39:49"
D,SETTLEMENTS,DAYTRACK,6,"2024/02/27 00:00:00",MARKET,VALID,,ACTUAL,12,"2024/07/12 13:39:54"
D,SETTLEMENTS,DAYTRACK,6,"2024/02/28 00:00:00",MARKET,VALID,,ACTUAL,12,"2024/07/12 13:40:12"
D,SETTLEMENTS,DAYTRACK,6,"2024/02/29 00:00:00",MARKET,VALID,,ACTUAL,11,"2024/07/12 13:43:20"
D,SETTLEMENTS,DAYTRACK,6,"2024/03/01 00:00:00",MARKET,VALID,,ACTUAL,10,"2024/07/12 13:43:33"
D,SETTLEMENTS,DAYTRACK,6,"2024/03/02 00:00:00",MARKET,VALID,,ACTUAL,9,"2024/07/12 13:43:36"
D,SETTLEMENTS,DAYTRACK,6,"2024/03/03 00:00:00",MARKET,VALID,,ACTUAL,11,"2024/07/19 13:56:13"
D,SETTLEMENTS,DAYTRACK,6,"2024/03/04 00:00:00",MARKET,VALID,,ACTUAL,11,"2024/07/19 13:59:41"
D,SETTLEMENTS,DAYTRACK,6,"2024/03/05 00:00:00",MARKET,VALID,,ACTUAL,12,"2024/07/19 13:56:18"
D,SETTLEMENTS,DAYTRACK,6,"2024/03/06 00:00:00",MARKET,VALID,,ACTUAL,12,"2024/07/19 13:56:38"
D,SETTLEMENTS,DAYTRACK,6,"2024/03/07 00:00:00",MARKET,VALID,,ACTUAL,11,"2024/07/19 13:57:54"
D,SETTLEMENTS,DAYTRACK,6,"2024/03/08 00:00:00",MARKET,VALID,,ACTUAL,10,"2024/07/19 13:59:58"
D,SETTLEMENTS,DAYTRACK,6,"2024/03/09 00:00:00",MARKET,VALID,,ACTUAL,9,"2024/07/19 14:00:13"
D,SETTLEMENTS,DAYTRACK,6,"2024/03/10 00:00:00",MARKET,VALID,,ACTUAL,8,"2024/07/25 08:36:23"
D,SETTLEMENTS,DAYTRACK,6,"2024/03/11 00:00:00",MARKET,VALID,,ACTUAL,8,"2024/07/25 08:32:28"
D,SETTLEMENTS,DAYTRACK,6,"2024/03/12 00:00:00",MARKET,VALID,,ACTUAL,9,"2024/07/25 08:32:40"
D,SETTLEMENTS,DAYTRACK,6,"2024/03/13 00:00:00",MARKET,VALID,,ACTUAL,9,"2024/07/25 08:33:38"
D,SETTLEMENTS,DAYTRACK,6,"2024/03/14 00:00:00",MARKET,VALID,,ACTUAL,8,"2024/07/25 08:36:08"
D,SETTLEMENTS,DAYTRACK,6,"2024/03/15 00:00:00",MARKET,VALID,,ACTUAL,7,"2024/07/25 08:34:59"
D,SETTLEMENTS,DAYTRACK,6,"2024/03/16 00:00:00",MARKET,VALID,,ACTUAL,6,"2024/07/25 08:37:23"
D,SETTLEMENTS,DAYTRACK,6,"2024/06/02 00:00:00",MARKET,VALID,,ACTUAL,7,"2024/06/28 08:28:17"
D,SETTLEMENTS,DAYTRACK,6,"2024/06/03 00:00:00",MARKET,VALID,,ACTUAL,7,"2024/06/28 08:28:49"
D,SETTLEMENTS,DAYTRACK,6,"2024/06/04 00:00:00",MARKET,VALID,,ACTUAL,7,"2024/06/28 08:32:31"
D,SETTLEMENTS,DAYTRACK,6,"2024/06/05 00:00:00",MARKET,VALID,,ACTUAL,7,"2024/06/28 08:28:18"
D,SETTLEMENTS,DAYTRACK,6,"2024/06/06 00:00:00",MARKET,VALID,,ACTUAL,7,"2024/06/28 08:29:47"
D,SETTLEMENTS,DAYTRACK,6,"2024/06/07 00:00:00",MARKET,VALID,,ACTUAL,6,"2024/06/28 08:32:35"
D,SETTLEMENTS,DAYTRACK,6,"2024/06/08 00:00:00",MARKET,VALID,,ACTUAL,5,"2024/06/28 08:32:59"
D,SETTLEMENTS,DAYTRACK,6,"2024/06/09 00:00:00",MARKET,VALID,,ACTUAL,8,"2024/07/05 07:49:01"
D,SETTLEMENTS,DAYTRACK,6,"2024/06/10 00:00:00",MARKET,VALID,,ACTUAL,8,"2024/07/05 07:53:06"
D,SETTLEMENTS,DAYTRACK,6,"2024/06/11 00:00:00",MARKET,VALID,,ACTUAL,8,"2024/07/05 07:49:29"
D,SETTLEMENTS,DAYTRACK,6,"2024/06/12 00:00:00",MARKET,VALID,,ACTUAL,8,"2024/07/05 07:49:09"
D,SETTLEMENTS,DAYTRACK,6,"2024/06/13 00:00:00",MARKET,VALID,,ACTUAL,7,"2024/07/05 07:50:21"
D,SETTLEMENTS,DAYTRACK,6,"2024/06/14 00:00:00",MARKET,VALID,,ACTUAL,6,"2024/07/05 07:53:34"
D,SETTLEMENTS,DAYTRACK,6,"2024/06/15 00:00:00",MARKET,VALID,,ACTUAL,5,"2024/07/05 07:53:54"
D,SETTLEMENTS,DAYTRACK,6,"2024/06/16 00:00:00",MARKET,VALID,,ACTUAL,8,"2024/07/12 08:28:11"
D,SETTLEMENTS,DAYTRACK,6,"2024/06/17 00:00:00",MARKET,VALID,,ACTUAL,8,"2024/07/12 08:24:03"
D,SETTLEMENTS,DAYTRACK,6,"2024/06/18 00:00:00",MARKET,VALID,,ACTUAL,8,"2024/07/12 08:24:42"
D,SETTLEMENTS,DAYTRACK,6,"2024/06/19 00:00:00",MARKET,VALID,,ACTUAL,8,"2024/07/12 08:23:47"
D,SETTLEMENTS,DAYTRACK,6,"2024/06/20 00:00:00",MARKET,VALID,,ACTUAL,7,"2024/07/12 08:27:56"
D,SETTLEMENTS,DAYTRACK,6,"2024/06/21 00:00:00",MARKET,VALID,,ACTUAL,6,"2024/07/12 08:25:23"
D,SETTLEMENTS,DAYTRACK,6,"2024/06/22 00:00:00",MARKET,VALID,,ACTUAL,5,"2024/07/12 08:28:50"
D,SETTLEMENTS,DAYTRACK,6,"2024/06/23 00:00:00",MARKET,VALID,,ACTUAL,7,"2024/07/03 09:03:43"
D,SETTLEMENTS,DAYTRACK,6,"2024/06/23 00:00:00",MARKET,VALID,,ACTUAL,8,"2024/07/19 09:26:01"
D,SETTLEMENTS,DAYTRACK,6,"2024/06/24 00:00:00",MARKET,VALID,,ACTUAL,7,"2024/07/03 09:03:55"
D,SETTLEMENTS,DAYTRACK,6,"2024/06/24 00:00:00",MARKET,VALID,,ACTUAL,8,"2024/07/19 09:21:51"
D,SETTLEMENTS,DAYTRACK,6,"2024/06/25 00:00:00",MARKET,VALID,,ACTUAL,7,"2024/07/03 09:03:46"
D,SETTLEMENTS,DAYTRACK,6,"2024/06/25 00:00:00",MARKET,VALID,,ACTUAL,8,"2024/07/19 09:21:52"
D,SETTLEMENTS,DAYTRACK,6,"2024/06/26 00:00:00",MARKET,VALID,,ACTUAL,7,"2024/07/03 09:03:58"
D,SETTLEMENTS,DAYTRACK,6,"2024/06/26 00:00:00",MARKET,VALID,,ACTUAL,8,"2024/07/19 09:22:43"
D,SETTLEMENTS,DAYTRACK,6,"2024/06/27 00:00:00",MARKET,VALID,,ACTUAL,6,"2024/07/03 09:07:58"
D,SETTLEMENTS,DAYTRACK,6,"2024/06/27 00:00:00",MARKET,VALID,,ACTUAL,7,"2024/07/19 09:26:07"
D,SETTLEMENTS,DAYTRACK,6,"2024/06/28 00:00:00",MARKET,VALID,,ACTUAL,5,"2024/07/03 09:08:13"
D,SETTLEMENTS,DAYTRACK,6,"2024/06/28 00:00:00",MARKET,VALID,,ACTUAL,6,"2024/07/19 09:23:22"
D,SETTLEMENTS,DAYTRACK,6,"2024/06/29 00:00:00",MARKET,VALID,,ACTUAL,4,"2024/07/03 09:08:22"
D,SETTLEMENTS,DAYTRACK,6,"2024/06/29 00:00:00",MARKET,VALID,,ACTUAL,5,"2024/07/19 09:27:02"
D,SETTLEMENTS,DAYTRACK,6,"2024/06/30 00:00:00",MARKET,VALID,,ESTIMATE,1,"2024/07/01 01:09:01"
D,SETTLEMENTS,DAYTRACK,6,"2024/06/30 00:00:00",MARKET,VALID,,ACTUAL,7,"2024/07/10 07:48:42"
D,SETTLEMENTS,DAYTRACK,6,"2024/06/30 00:00:00",MARKET,VALID,,ACTUAL,8,"2024/07/26 08:41:03"
D,SETTLEMENTS,DAYTRACK,6,"2024/07/01 00:00:00",MARKET,VALID,,ESTIMATE,1,"2024/07/02 01:08:32"
D,SETTLEMENTS,DAYTRACK,6,"2024/07/01 00:00:00",MARKET,VALID,,ACTUAL,7,"2024/07/10 07:53:25"
D,SETTLEMENTS,DAYTRACK,6,"2024/07/01 00:00:00",MARKET,VALID,,ACTUAL,8,"2024/07/26 08:45:57"
D,SETTLEMENTS,DAYTRACK,6,"2024/07/02 00:00:00",MARKET,VALID,,ESTIMATE,1,"2024/07/03 01:09:43"
D,SETTLEMENTS,DAYTRACK,6,"2024/07/02 00:00:00",MARKET,VALID,,ACTUAL,7,"2024/07/10 07:48:42"
D,SETTLEMENTS,DAYTRACK,6,"2024/07/02 00:00:00",MARKET,VALID,,ACTUAL,8,"2024/07/26 08:41:13"
D,SETTLEMENTS,DAYTRACK,6,"2024/07/03 00:00:00",MARKET,VALID,,ESTIMATE,1,"2024/07/04 01:09:07"
D,SETTLEMENTS,DAYTRACK,6,"2024/07/03 00:00:00",MARKET,VALID,,ACTUAL,7,"2024/07/10 07:49:22"
D,SETTLEMENTS,DAYTRACK,6,"2024/07/03 00:00:00",MARKET,VALID,,ACTUAL,8,"2024/07/26 08:41:47"
D,SETTLEMENTS,DAYTRACK,6,"2024/07/04 00:00:00",MARKET,VALID,,ESTIMATE,1,"2024/07/05 01:08:41"
D,SETTLEMENTS,DAYTRACK,6,"2024/07/04 00:00:00",MARKET,VALID,,ACTUAL,6,"2024/07/10 07:52:57"
D,SETTLEMENTS,DAYTRACK,6,"2024/07/04 00:00:00",MARKET,VALID,,ACTUAL,7,"2024/07/26 08:45:17"
D,SETTLEMENTS,DAYTRACK,6,"2024/07/05 00:00:00",MARKET,VALID,,ESTIMATE,1,"2024/07/06 01:09:07"
D,SETTLEMENTS,DAYTRACK,6,"2024/07/05 00:00:00",MARKET,VALID,,ACTUAL,5,"2024/07/10 07:52:56"
D,SETTLEMENTS,DAYTRACK,6,"2024/07/05 00:00:00",MARKET,VALID,,ACTUAL,6,"2024/07/26 08:45:27"
D,SETTLEMENTS,DAYTRACK,6,"2024/07/06 00:00:00",MARKET,VALID,,ESTIMATE,1,"2024/07/07 01:09:02"
D,SETTLEMENTS,DAYTRACK,6,"2024/07/06 00:00:00",MARKET,VALID,,ACTUAL,4,"2024/07/10 07:50:51"
D,SETTLEMENTS,DAYTRACK,6,"2024/07/06 00:00:00",MARKET,VALID,,ACTUAL,5,"2024/07/26 08:43:27"
D,SETTLEMENTS,DAYTRACK,6,"2024/07/07 00:00:00",MARKET,INVALID,,ESTIMATE,1,"2024/07/08 01:08:42"
D,SETTLEMENTS,DAYTRACK,6,"2024/07/07 00:00:00",MARKET,VALID,,ACTUAL,7,"2024/07/17 08:00:07"
D,SETTLEMENTS,DAYTRACK,6,"2024/07/08 00:00:00",MARKET,INVALID,,ESTIMATE,1,"2024/07/09 01:08:57"
D,SETTLEMENTS,DAYTRACK,6,"2024/07/08 00:00:00",MARKET,VALID,,ACTUAL,7,"2024/07/17 07:59:54"
D,SETTLEMENTS,DAYTRACK,6,"2024/07/09 00:00:00",MARKET,INVALID,,ESTIMATE,1,"2024/07/10 01:09:26"
D,SETTLEMENTS,DAYTRACK,6,"2024/07/09 00:00:00",MARKET,VALID,,ACTUAL,7,"2024/07/17 08:00:02"
D,SETTLEMENTS,DAYTRACK,6,"2024/07/10 00:00:00",MARKET,INVALID,,ESTIMATE,1,"2024/07/11 01:08:42"
D,SETTLEMENTS,DAYTRACK,6,"2024/07/10 00:00:00",MARKET,VALID,,ACTUAL,7,"2024/07/17 08:00:03"
D,SETTLEMENTS,DAYTRACK,6,"2024/07/11 00:00:00",MARKET,INVALID,,ESTIMATE,1,"2024/07/12 01:10:01"
D,SETTLEMENTS,DAYTRACK,6,"2024/07/11 00:00:00",MARKET,VALID,,ACTUAL,6,"2024/07/17 08:04:19"
D,SETTLEMENTS,DAYTRACK,6,"2024/07/12 00:00:00",MARKET,INVALID,,ESTIMATE,1,"2024/07/13 01:09:06"
D,SETTLEMENTS,DAYTRACK,6,"2024/07/12 00:00:00",MARKET,VALID,,ACTUAL,5,"2024/07/17 08:04:14"
D,SETTLEMENTS,DAYTRACK,6,"2024/07/13 00:00:00",MARKET,INVALID,,ESTIMATE,1,"2024/07/14 01:08:56"
D,SETTLEMENTS,DAYTRACK,6,"2024/07/13 00:00:00",MARKET,VALID,,ACTUAL,4,"2024/07/17 08:04:34"
D,SETTLEMENTS,DAYTRACK,6,"2024/07/14 00:00:00",MARKET,INVALID,,ESTIMATE,1,"2024/07/15 01:09:12"
D,SETTLEMENTS,DAYTRACK,6,"2024/07/14 00:00:00",MARKET,VALID,,ACTUAL,7,"2024/07/24 08:59:39"
D,SETTLEMENTS,DAYTRACK,6,"2024/07/15 00:00:00",MARKET,INVALID,,ESTIMATE,1,"2024/07/16 01:08:52"
D,SETTLEMENTS,DAYTRACK,6,"2024/07/15 00:00:00",MARKET,VALID,,ACTUAL,7,"2024/07/24 08:59:39"
D,SETTLEMENTS,DAYTRACK,6,"2024/07/16 00:00:00",MARKET,INVALID,,ESTIMATE,1,"2024/07/17 01:08:57"
D,SETTLEMENTS,DAYTRACK,6,"2024/07/16 00:00:00",MARKET,VALID,,ACTUAL,7,"2024/07/24 08:59:38"
D,SETTLEMENTS,DAYTRACK,6,"2024/07/17 00:00:00",MARKET,INVALID,,ESTIMATE,1,"2024/07/18 01:09:01"
D,SETTLEMENTS,DAYTRACK,6,"2024/07/17 00:00:00",MARKET,VALID,,ACTUAL,7,"2024/07/24 08:59:29"
D,SETTLEMENTS,DAYTRACK,6,"2024/07/18 00:00:00",MARKET,INVALID,,ESTIMATE,1,"2024/07/19 01:08:52"
D,SETTLEMENTS,DAYTRACK,6,"2024/07/18 00:00:00",MARKET,VALID,,ACTUAL,6,"2024/07/24 09:03:47"
D,SETTLEMENTS,DAYTRACK,6,"2024/07/19 00:00:00",MARKET,INVALID,,ESTIMATE,1,"2024/07/20 01:09:21"
D,SETTLEMENTS,DAYTRACK,6,"2024/07/19 00:00:00",MARKET,VALID,,ACTUAL,5,"2024/07/24 09:04:02"
D,SETTLEMENTS,DAYTRACK,6,"2024/07/20 00:00:00",MARKET,INVALID,,ESTIMATE,1,"2024/07/21 01:09:17"
D,SETTLEMENTS,DAYTRACK,6,"2024/07/20 00:00:00",MARKET,VALID,,ACTUAL,4,"2024/07/24 09:03:58"
D,SETTLEMENTS,DAYTRACK,6,"2024/07/21 00:00:00",MARKET,INVALID,,ESTIMATE,1,"2024/07/22 01:09:17"
D,SETTLEMENTS,DAYTRACK,6,"2024/07/22 00:00:00",MARKET,INVALID,,ESTIMATE,1,"2024/07/23 01:09:37"
D,SETTLEMENTS,DAYTRACK,6,"2024/07/23 00:00:00",MARKET,INVALID,,ESTIMATE,1,"2024/07/24 01:09:57"
D,SETTLEMENTS,DAYTRACK,6,"2024/07/24 00:00:00",MARKET,INVALID,,ESTIMATE,1,"2024/07/25 01:09:37"
D,SETTLEMENTS,DAYTRACK,6,"2024/07/25 00:00:00",MARKET,INVALID,,ESTIMATE,1,"2024/07/26 01:09:31"
D,SETTLEMENTS,DAYTRACK,6,"2024/07/26 00:00:00",MARKET,INVALID,,ESTIMATE,1,"2024/07/27 01:11:12"
D,SETTLEMENTS,DAYTRACK,6,"2024/07/27 00:00:00",MARKET,INVALID,,ESTIMATE,1,"2024/07/28 01:09:12"
D,SETTLEMENTS,DAYTRACK,6,"2024/07/28 00:00:00",MARKET,INVALID,,ESTIMATE,1,"2024/07/29 01:09:06"
D,SETTLEMENTS,DAYTRACK,6,"2024/07/29 00:00:00",MARKET,INVALID,,ESTIMATE,1,"2024/07/30 01:09:12"
D,SETTLEMENTS,DAYTRACK,6,"2024/07/30 00:00:00",MARKET,INVALID,,ESTIMATE,1,"2024/07/31 01:10:11"
C,"END OF REPORT",160
