C,SETP.WORLD,DVD_DAYTRACK,AEMO,PUBLIC,2024/10/08,09:36:05,001728344165026,MONTHLY_ARCHIVE,001728344165026
I,SETTLEMENTS,DAYTRACK,6,SETTLEMENTDATE,REGIONID,EXANTERUNSTATUS,EXANTERUNNO,EXPOSTRUNSTATUS,EXPOSTRUNNO,LASTCHANGED,SETTLEMENTINTERVALLENGTH
D,SETTLEMENTS,DAYTRACK,6,"2024/08/31 00:00:00",MARKET,INVALID,,ESTIMATE,1,"2024/09/01 01:10:46",5
D,SETTLEMENTS,DAYTRACK,6,"2024/09/01 00:00:00",MARKET,INVALID,,ESTIMATE,1,"2024/09/02 01:10:26",5
D,SETTLEMENTS,DAYTRACK,6,"2024/09/02 00:00:00",MARKET,INVALID,,ESTIMATE,1,"2024/09/03 01:11:42",5
D,SETTLEMENTS,DAYTRACK,6,"2024/04/14 00:00:00",MARKET,VALID,,ACTUAL,11,"2024/08/29 08:32:27",5
D,SETTLEMENTS,DAYTRACK,6,"2024/04/15 00:00:00",MARKET,VALID,,ACTUAL,10,"2024/08/29 08:28:58",5
D,SETTLEMENTS,DAYTRACK,6,"2024/04/16 00:00:00",MARKET,VALID,,ACTUAL,10,"2024/08/29 08:27:48",5
D,SETTLEMENTS,DAYTRACK,6,"2024/04/17 00:00:00",MARKET,VALID,,ACTUAL,10,"2024/08/29 08:28:50",5
D,SETTLEMENTS,DAYTRACK,6,"2024/04/18 00:00:00",MARKET,VALID,,ACTUAL,9,"2024/08/29 08:31:46",5
D,SETTLEMENTS,DAYTRACK,6,"2024/04/19 00:00:00",MARKET,VALID,,ACTUAL,8,"2024/08/29 08:32:51",5
D,SETTLEMENTS,DAYTRACK,6,"2024/04/20 00:00:00",MARKET,VALID,,ACTUAL,8,"2024/08/29 08:30:53",5
D,SETTLEMENTS,DAYTRACK,6,"2024/09/03 00:00:00",MARKET,INVALID,,ESTIMATE,1,"2024/09/04 01:11:08",5
D,SETTLEMENTS,DAYTRACK,6,"2024/08/04 00:00:00",MARKET,VALID,,ACTUAL,10,"2024/09/03 09:41:10",5
D,SETTLEMENTS,DAYTRACK,6,"2024/08/05 00:00:00",MARKET,VALID,,ACTUAL,11,"2024/09/03 09:41:38",5
D,SETTLEMENTS,DAYTRACK,6,"2024/08/06 00:00:00",MARKET,VALID,,ACTUAL,12,"2024/09/03 09:41:26",5
D,SETTLEMENTS,DAYTRACK,6,"2024/08/07 00:00:00",MARKET,VALID,,ACTUAL,11,"2024/09/03 09:41:18",5
D,SETTLEMENTS,DAYTRACK,6,"2024/08/08 00:00:00",MARKET,VALID,,ACTUAL,10,"2024/09/03 09:45:57",5
D,SETTLEMENTS,DAYTRACK,6,"2024/08/09 00:00:00",MARKET,VALID,,ACTUAL,9,"2024/09/03 09:45:38",5
D,SETTLEMENTS,DAYTRACK,6,"2024/08/10 00:00:00",MARKET,VALID,,ACTUAL,8,"2024/09/03 09:46:20",5
D,SETTLEMENTS,DAYTRACK,6,"2024/09/04 00:00:00",MARKET,INVALID,,ESTIMATE,1,"2024/09/05 01:13:11",5
D,SETTLEMENTS,DAYTRACK,6,"2024/02/04 00:00:00",MARKET,VALID,,ACTUAL,11,"2024/08/26 08:36:55",5
D,SETTLEMENTS,DAYTRACK,6,"2024/02/05 00:00:00",MARKET,VALID,,ACTUAL,11,"2024/08/26 08:36:28",5
D,SETTLEMENTS,DAYTRACK,6,"2024/02/06 00:00:00",MARKET,VALID,,ACTUAL,11,"2024/08/26 08:37:07",5
D,SETTLEMENTS,DAYTRACK,6,"2024/02/07 00:00:00",MARKET,VALID,,ACTUAL,11,"2024/08/26 08:36:31",5
D,SETTLEMENTS,DAYTRACK,6,"2024/02/08 00:00:00",MARKET,VALID,,ACTUAL,10,"2024/08/26 08:39:58",5
D,SETTLEMENTS,DAYTRACK,6,"2024/02/09 00:00:00",MARKET,VALID,,ACTUAL,9,"2024/08/26 08:40:24",5
D,SETTLEMENTS,DAYTRACK,6,"2024/02/10 00:00:00",MARKET,VALID,,ACTUAL,8,"2024/08/26 08:40:29",5
D,SETTLEMENTS,DAYTRACK,6,"2024/09/05 00:00:00",MARKET,INVALID,,ESTIMATE,1,"2024/09/06 01:12:07",5
D,SETTLEMENTS,DAYTRACK,6,"2024/08/25 00:00:00",MARKET,VALID,,ACTUAL,7,"2024/09/04 07:42:54",5
D,SETTLEMENTS,DAYTRACK,6,"2024/08/26 00:00:00",MARKET,VALID,,ACTUAL,7,"2024/09/04 07:42:44",5
D,SETTLEMENTS,DAYTRACK,6,"2024/08/27 00:00:00",MARKET,VALID,,ACTUAL,7,"2024/09/04 07:43:01",5
D,SETTLEMENTS,DAYTRACK,6,"2024/08/28 00:00:00",MARKET,VALID,,ACTUAL,7,"2024/09/04 07:43:01",5
D,SETTLEMENTS,DAYTRACK,6,"2024/08/29 00:00:00",MARKET,VALID,,ACTUAL,6,"2024/09/04 07:47:08",5
D,SETTLEMENTS,DAYTRACK,6,"2024/08/30 00:00:00",MARKET,VALID,,ACTUAL,5,"2024/09/04 07:47:17",5
D,SETTLEMENTS,DAYTRACK,6,"2024/08/31 00:00:00",MARKET,VALID,,ACTUAL,4,"2024/09/04 07:48:02",5
D,SETTLEMENTS,DAYTRACK,6,"2024/09/06 00:00:00",MARKET,INVALID,,ESTIMATE,1,"2024/09/07 01:10:16",5
D,SETTLEMENTS,DAYTRACK,6,"2024/09/07 00:00:00",MARKET,INVALID,,ESTIMATE,1,"2024/09/08 01:09:06",5
D,SETTLEMENTS,DAYTRACK,6,"2024/09/08 00:00:00",MARKET,INVALID,,ESTIMATE,1,"2024/09/09 01:09:16",5
D,SETTLEMENTS,DAYTRACK,6,"2024/09/09 00:00:00",MARKET,INVALID,,ESTIMATE,1,"2024/09/10 01:09:26",5
D,SETTLEMENTS,DAYTRACK,6,"2024/04/21 00:00:00",MARKET,VALID,,ACTUAL,9,"2024/09/05 07:54:03",5
D,SETTLEMENTS,DAYTRACK,6,"2024/04/22 00:00:00",MARKET,VALID,,ACTUAL,9,"2024/09/05 07:58:27",5
D,SETTLEMENTS,DAYTRACK,6,"2024/04/23 00:00:00",MARKET,VALID,,ACTUAL,9,"2024/09/05 07:54:54",5
D,SETTLEMENTS,DAYTRACK,6,"2024/04/24 00:00:00",MARKET,VALID,,ACTUAL,9,"2024/09/05 07:54:02",5
D,SETTLEMENTS,DAYTRACK,6,"2024/04/25 00:00:00",MARKET,VALID,,ACTUAL,8,"2024/09/05 07:58:20",5
D,SETTLEMENTS,DAYTRACK,6,"2024/04/26 00:00:00",MARKET,VALID,,ACTUAL,7,"2024/09/05 07:58:25",5
D,SETTLEMENTS,DAYTRACK,6,"2024/04/27 00:00:00",MARKET,VALID,,ACTUAL,6,"2024/09/05 07:56:48",5
D,SETTLEMENTS,DAYTRACK,6,"2024/09/10 00:00:00",MARKET,INVALID,,ESTIMATE,1,"2024/09/11 01:10:01",5
D,SETTLEMENTS,DAYTRACK,6,"2024/08/11 00:00:00",MARKET,VALID,,ACTUAL,9,"2024/09/10 09:12:15",5
D,SETTLEMENTS,DAYTRACK,6,"2024/08/12 00:00:00",MARKET,VALID,,ACTUAL,9,"2024/09/10 09:12:09",5
D,SETTLEMENTS,DAYTRACK,6,"2024/08/13 00:00:00",MARKET,VALID,,ACTUAL,9,"2024/09/10 09:12:19",5
D,SETTLEMENTS,DAYTRACK,6,"2024/08/14 00:00:00",MARKET,VALID,,ACTUAL,9,"2024/09/10 09:12:08",5
D,SETTLEMENTS,DAYTRACK,6,"2024/08/15 00:00:00",MARKET,VALID,,ACTUAL,8,"2024/09/10 09:16:22",5
D,SETTLEMENTS,DAYTRACK,6,"2024/08/16 00:00:00",MARKET,VALID,,ACTUAL,7,"2024/09/10 09:16:32",5
D,SETTLEMENTS,DAYTRACK,6,"2024/08/17 00:00:00",MARKET,VALID,,ACTUAL,6,"2024/09/10 09:16:38",5
D,SETTLEMENTS,DAYTRACK,6,"2024/09/11 00:00:00",MARKET,INVALID,,ESTIMATE,1,"2024/09/12 01:10:22",5
D,SETTLEMENTS,DAYTRACK,6,"2024/02/11 00:00:00",MARKET,VALID,,ACTUAL,13,"2024/09/09 13:55:14",5
D,SETTLEMENTS,DAYTRACK,6,"2024/02/12 00:00:00",MARKET,VALID,,ACTUAL,13,"2024/09/09 13:55:14",5
D,SETTLEMENTS,DAYTRACK,6,"2024/02/13 00:00:00",MARKET,VALID,,ACTUAL,13,"2024/09/09 13:55:14",5
D,SETTLEMENTS,DAYTRACK,6,"2024/02/14 00:00:00",MARKET,VALID,,ACTUAL,13,"2024/09/09 13:55:14",5
D,SETTLEMENTS,DAYTRACK,6,"2024/02/15 00:00:00",MARKET,VALID,,ACTUAL,13,"2024/09/09 13:58:53",5
D,SETTLEMENTS,DAYTRACK,6,"2024/02/16 00:00:00",MARKET,VALID,,ACTUAL,12,"2024/09/09 13:58:54",5
D,SETTLEMENTS,DAYTRACK,6,"2024/02/17 00:00:00",MARKET,VALID,,ACTUAL,11,"2024/09/09 13:58:52",5
D,SETTLEMENTS,DAYTRACK,6,"2024/09/12 00:00:00",MARKET,INVALID,,ESTIMATE,1,"2024/09/13 01:11:47",5
D,SETTLEMENTS,DAYTRACK,6,"2024/09/01 00:00:00",MARKET,VALID,,ACTUAL,7,"2024/09/11 08:58:08",5
D,SETTLEMENTS,DAYTRACK,6,"2024/09/02 00:00:00",MARKET,VALID,,ACTUAL,7,"2024/09/11 08:58:23",5
D,SETTLEMENTS,DAYTRACK,6,"2024/09/03 00:00:00",MARKET,VALID,,ACTUAL,7,"2024/09/11 08:58:23",5
D,SETTLEMENTS,DAYTRACK,6,"2024/09/04 00:00:00",MARKET,VALID,,ACTUAL,7,"2024/09/11 08:58:18",5
D,SETTLEMENTS,DAYTRACK,6,"2024/09/05 00:00:00",MARKET,VALID,,ACTUAL,6,"2024/09/11 09:02:16",5
D,SETTLEMENTS,DAYTRACK,6,"2024/09/06 00:00:00",MARKET,VALID,,ACTUAL,5,"2024/09/11 09:02:21",5
D,SETTLEMENTS,DAYTRACK,6,"2024/09/07 00:00:00",MARKET,VALID,,ACTUAL,4,"2024/09/11 09:02:37",5
D,SETTLEMENTS,DAYTRACK,6,"2024/09/13 00:00:00",MARKET,INVALID,,ESTIMATE,1,"2024/09/14 01:09:08",5
D,SETTLEMENTS,DAYTRACK,6,"2024/09/14 00:00:00",MARKET,INVALID,,ESTIMATE,1,"2024/09/15 01:09:28",5
D,SETTLEMENTS,DAYTRACK,6,"2024/09/15 00:00:00",MARKET,INVALID,,ESTIMATE,1,"2024/09/16 01:09:52",5
D,SETTLEMENTS,DAYTRACK,6,"2024/09/16 00:00:00",MARKET,INVALID,,ESTIMATE,1,"2024/09/17 01:09:47",5
D,SETTLEMENTS,DAYTRACK,6,"2024/04/28 00:00:00",MARKET,VALID,,ACTUAL,10,"2024/09/12 08:42:18",5
D,SETTLEMENTS,DAYTRACK,6,"2024/04/29 00:00:00",MARKET,VALID,,ACTUAL,10,"2024/09/12 08:38:14",5
D,SETTLEMENTS,DAYTRACK,6,"2024/04/30 00:00:00",MARKET,VALID,,ACTUAL,10,"2024/09/12 08:37:34",5
D,SETTLEMENTS,DAYTRACK,6,"2024/05/01 00:00:00",MARKET,VALID,,ACTUAL,10,"2024/09/12 08:38:42",5
D,SETTLEMENTS,DAYTRACK,6,"2024/05/02 00:00:00",MARKET,VALID,,ACTUAL,9,"2024/09/12 08:41:18",5
D,SETTLEMENTS,DAYTRACK,6,"2024/05/03 00:00:00",MARKET,VALID,,ACTUAL,8,"2024/09/12 08:42:09",5
D,SETTLEMENTS,DAYTRACK,6,"2024/05/04 00:00:00",MARKET,VALID,,ACTUAL,7,"2024/09/12 08:40:43",5
D,SETTLEMENTS,DAYTRACK,6,"2024/09/17 00:00:00",MARKET,INVALID,,ESTIMATE,1,"2024/09/18 01:09:27",5
D,SETTLEMENTS,DAYTRACK,6,"2024/08/18 00:00:00",MARKET,VALID,,ACTUAL,9,"2024/09/17 08:47:08",5
D,SETTLEMENTS,DAYTRACK,6,"2024/08/19 00:00:00",MARKET,VALID,,ACTUAL,9,"2024/09/17 08:47:27",5
D,SETTLEMENTS,DAYTRACK,6,"2024/08/20 00:00:00",MARKET,VALID,,ACTUAL,9,"2024/09/17 08:47:14",5
D,SETTLEMENTS,DAYTRACK,6,"2024/08/21 00:00:00",MARKET,VALID,,ACTUAL,9,"2024/09/17 08:47:09",5
D,SETTLEMENTS,DAYTRACK,6,"2024/08/22 00:00:00",MARKET,VALID,,ACTUAL,8,"2024/09/17 08:51:34",5
D,SETTLEMENTS,DAYTRACK,6,"2024/08/23 00:00:00",MARKET,VALID,,ACTUAL,7,"2024/09/17 08:51:21",5
D,SETTLEMENTS,DAYTRACK,6,"2024/08/24 00:00:00",MARKET,VALID,,ACTUAL,6,"2024/09/17 08:51:38",5
D,SETTLEMENTS,DAYTRACK,6,"2024/09/18 00:00:00",MARKET,INVALID,,ESTIMATE,1,"2024/09/19 01:12:37",5
D,SETTLEMENTS,DAYTRACK,6,"2024/02/18 00:00:00",MARKET,VALID,,ACTUAL,11,"2024/09/09 09:02:17",5
D,SETTLEMENTS,DAYTRACK,6,"2024/02/19 00:00:00",MARKET,VALID,,ACTUAL,10,"2024/09/09 09:02:43",5
D,SETTLEMENTS,DAYTRACK,6,"2024/02/20 00:00:00",MARKET,VALID,,ACTUAL,10,"2024/09/09 09:03:27",5
D,SETTLEMENTS,DAYTRACK,6,"2024/02/21 00:00:00",MARKET,VALID,,ACTUAL,10,"2024/09/09 09:03:03",5
D,SETTLEMENTS,DAYTRACK,6,"2024/02/22 00:00:00",MARKET,VALID,,ACTUAL,9,"2024/09/09 09:05:37",5
D,SETTLEMENTS,DAYTRACK,6,"2024/02/23 00:00:00",MARKET,VALID,,ACTUAL,8,"2024/09/09 09:06:07",5
D,SETTLEMENTS,DAYTRACK,6,"2024/02/24 00:00:00",MARKET,VALID,,ACTUAL,8,"2024/09/09 09:06:22",5
D,SETTLEMENTS,DAYTRACK,6,"2024/09/19 00:00:00",MARKET,INVALID,,ESTIMATE,1,"2024/09/20 01:09:42",5
D,SETTLEMENTS,DAYTRACK,6,"2024/09/08 00:00:00",MARKET,VALID,,ACTUAL,7,"2024/09/18 08:34:13",5
D,SETTLEMENTS,DAYTRACK,6,"2024/09/09 00:00:00",MARKET,VALID,,ACTUAL,7,"2024/09/18 08:34:03",5
D,SETTLEMENTS,DAYTRACK,6,"2024/09/10 00:00:00",MARKET,VALID,,ACTUAL,7,"2024/09/18 08:33:56",5
D,SETTLEMENTS,DAYTRACK,6,"2024/09/11 00:00:00",MARKET,VALID,,ACTUAL,7,"2024/09/18 08:34:06",5
D,SETTLEMENTS,DAYTRACK,6,"2024/09/12 00:00:00",MARKET,VALID,,ACTUAL,6,"2024/09/18 08:38:31",5
D,SETTLEMENTS,DAYTRACK,6,"2024/09/13 00:00:00",MARKET,VALID,,ACTUAL,5,"2024/09/18 08:38:18",5
D,SETTLEMENTS,DAYTRACK,6,"2024/09/14 00:00:00",MARKET,VALID,,ACTUAL,4,"2024/09/18 08:38:41",5
D,SETTLEMENTS,DAYTRACK,6,"2024/09/20 00:00:00",MARKET,INVALID,,ESTIMATE,1,"2024/09/21 01:10:32",5
D,SETTLEMENTS,DAYTRACK,6,"2024/09/21 00:00:00",MARKET,INVALID,,ESTIMATE,1,"2024/09/22 01:09:36",5
D,SETTLEMENTS,DAYTRACK,6,"2024/09/22 00:00:00",MARKET,INVALID,,ESTIMATE,1,"2024/09/23 01:09:22",5
D,SETTLEMENTS,DAYTRACK,6,"2024/09/23 00:00:00",MARKET,INVALID,,ESTIMATE,1,"2024/09/24 01:09:06",5
D,SETTLEMENTS,DAYTRACK,6,"2024/05/05 00:00:00",MARKET,VALID,,ACTUAL,11,"2024/09/19 09:03:30",5
D,SETTLEMENTS,DAYTRACK,6,"2024/05/06 00:00:00",MARKET,VALID,,ACTUAL,11,"2024/09/19 09:07:02",5
D,SETTLEMENTS,DAYTRACK,6,"2024/05/07 00:00:00",MARKET,VALID,,ACTUAL,11,"2024/09/19 09:03:13",5
D,SETTLEMENTS,DAYTRACK,6,"2024/05/08 00:00:00",MARKET,VALID,,ACTUAL,11,"2024/09/19 09:03:30",5
D,SETTLEMENTS,DAYTRACK,6,"2024/05/09 00:00:00",MARKET,VALID,,ACTUAL,10,"2024/09/19 09:04:58",5
D,SETTLEMENTS,DAYTRACK,6,"2024/05/10 00:00:00",MARKET,VALID,,ACTUAL,9,"2024/09/19 09:07:30",5
D,SETTLEMENTS,DAYTRACK,6,"2024/05/11 00:00:00",MARKET,VALID,,ACTUAL,8,"2024/09/19 09:07:29",5
D,SETTLEMENTS,DAYTRACK,6,"2024/09/24 00:00:00",MARKET,INVALID,,ESTIMATE,1,"2024/09/25 01:10:02",5
D,SETTLEMENTS,DAYTRACK,6,"2024/08/25 00:00:00",MARKET,VALID,,ACTUAL,8,"2024/09/20 08:40:33",5
D,SETTLEMENTS,DAYTRACK,6,"2024/08/26 00:00:00",MARKET,VALID,,ACTUAL,8,"2024/09/20 08:39:43",5
D,SETTLEMENTS,DAYTRACK,6,"2024/08/27 00:00:00",MARKET,VALID,,ACTUAL,8,"2024/09/20 08:44:47",5
D,SETTLEMENTS,DAYTRACK,6,"2024/08/28 00:00:00",MARKET,VALID,,ACTUAL,8,"2024/09/20 08:39:58",5
D,SETTLEMENTS,DAYTRACK,6,"2024/08/29 00:00:00",MARKET,VALID,,ACTUAL,7,"2024/09/20 08:44:07",5
D,SETTLEMENTS,DAYTRACK,6,"2024/08/30 00:00:00",MARKET,VALID,,ACTUAL,6,"2024/09/20 08:44:22",5
D,SETTLEMENTS,DAYTRACK,6,"2024/08/31 00:00:00",MARKET,VALID,,ACTUAL,5,"2024/09/20 08:42:13",5
D,SETTLEMENTS,DAYTRACK,6,"2024/09/25 00:00:00",MARKET,INVALID,,ESTIMATE,1,"2024/09/26 01:12:01",5
D,SETTLEMENTS,DAYTRACK,6,"2024/02/25 00:00:00",MARKET,VALID,,ACTUAL,13,"2024/09/16 09:12:38",5
D,SETTLEMENTS,DAYTRACK,6,"2024/02/26 00:00:00",MARKET,VALID,,ACTUAL,13,"2024/09/16 09:13:28",5
D,SETTLEMENTS,DAYTRACK,6,"2024/02/27 00:00:00",MARKET,VALID,,ACTUAL,13,"2024/09/16 09:13:01",5
D,SETTLEMENTS,DAYTRACK,6,"2024/02/28 00:00:00",MARKET,VALID,,ACTUAL,13,"2024/09/16 09:12:56",5
D,SETTLEMENTS,DAYTRACK,6,"2024/02/29 00:00:00",MARKET,VALID,,ACTUAL,12,"2024/09/16 09:16:13",5
D,SETTLEMENTS,DAYTRACK,6,"2024/03/01 00:00:00",MARKET,VALID,,ACTUAL,11,"2024/09/16 09:16:49",5
D,SETTLEMENTS,DAYTRACK,6,"2024/03/02 00:00:00",MARKET,VALID,,ACTUAL,10,"2024/09/16 09:16:54",5
D,SETTLEMENTS,DAYTRACK,6,"2024/09/26 00:00:00",MARKET,INVALID,,ESTIMATE,1,"2024/09/27 01:11:37",5
D,SETTLEMENTS,DAYTRACK,6,"2024/09/15 00:00:00",MARKET,VALID,,ACTUAL,7,"2024/09/25 08:35:54",5
D,SETTLEMENTS,DAYTRACK,6,"2024/09/16 00:00:00",MARKET,VALID,,ACTUAL,7,"2024/09/25 08:35:55",5
D,SETTLEMENTS,DAYTRACK,6,"2024/09/17 00:00:00",MARKET,VALID,,ACTUAL,7,"2024/09/25 08:35:30",5
D,SETTLEMENTS,DAYTRACK,6,"2024/09/18 00:00:00",MARKET,VALID,,ACTUAL,7,"2024/09/25 08:36:13",5
D,SETTLEMENTS,DAYTRACK,6,"2024/09/19 00:00:00",MARKET,VALID,,ACTUAL,6,"2024/09/25 08:39:52",5
D,SETTLEMENTS,DAYTRACK,6,"2024/09/20 00:00:00",MARKET,VALID,,ACTUAL,5,"2024/09/25 08:40:12",5
D,SETTLEMENTS,DAYTRACK,6,"2024/09/21 00:00:00",MARKET,VALID,,ACTUAL,4,"2024/09/25 08:40:07",5
D,SETTLEMENTS,DAYTRACK,6,"2024/09/27 00:00:00",MARKET,INVALID,,ESTIMATE,1,"2024/09/28 01:11:51",5
D,SETTLEMENTS,DAYTRACK,6,"2024/09/28 00:00:00",MARKET,INVALID,,ESTIMATE,1,"2024/09/29 01:11:03",5
D,SETTLEMENTS,DAYTRACK,6,"2024/09/29 00:00:00",MARKET,INVALID,,ESTIMATE,1,"2024/09/30 01:10:07",5
C,"END OF REPORT",145